{"cameraMode":{"drawMode":0,"name":"Shaded","section":"Shading Mode"},"sceneLighting":false,"audioPlay":false,"sceneViewState":{"showFog":false,"showMaterialUpdate":false,"showSkybox":false,"showFlares":false,"showImageEffects":false,"showParticleSystems":false},"in2DMode":false,"pivot":{"x":-34.77492141723633,"y":1.9312893152236939,"z":-19.17280387878418},"rotation":{"x":0.002975806826725602,"y":0.9819372892379761,"z":-0.0033993981778621675,"w":0.19181141257286073},"size":1.2380813360214234,"orthographic":false}