{"cameraMode":{"drawMode":0,"name":"Shaded","section":"Shading Mode"},"sceneLighting":false,"audioPlay":false,"sceneViewState":{"showFog":true,"showMaterialUpdate":false,"showSkybox":false,"showFlares":true,"showImageEffects":true,"showParticleSystems":true},"in2DMode":false,"pivot":{"x":-2.6304190158843996,"y":1.1269631385803223,"z":3.022139072418213},"rotation":{"x":0.12363289296627045,"y":0.8350124955177307,"z":-0.20883437991142274,"w":0.4940084218978882},"size":2.6718454360961916,"orthographic":false}