{"cameraMode":{"drawMode":0,"name":"Shaded","section":"Shading Mode"},"sceneLighting":false,"audioPlay":false,"sceneViewState":{"showFog":false,"showMaterialUpdate":false,"showSkybox":false,"showFlares":false,"showImageEffects":false,"showParticleSystems":false},"in2DMode":false,"pivot":{"x":-82.62867736816406,"y":-16.018579483032228,"z":-61.73240280151367},"rotation":{"x":0.03210797533392906,"y":-0.9635573029518127,"z":0.22504234313964845,"w":0.14450885355472566},"size":0.35809043049812319,"orthographic":false}