{"cameraMode":{"drawMode":0,"name":"Shaded","section":"Shading Mode"},"sceneLighting":false,"audioPlay":false,"sceneViewState":{"showFog":false,"showMaterialUpdate":false,"showSkybox":false,"showFlares":false,"showImageEffects":false,"showParticleSystems":false},"in2DMode":false,"pivot":{"x":-0.024036452174186708,"y":-0.38610291481018069,"z":-0.7686859369277954},"rotation":{"x":-0.02194274216890335,"y":-0.9291143417358398,"z":0.36542758345603945,"w":-0.05634080991148949},"size":2.3154213428497316,"orthographic":false}