{"cameraMode":{"drawMode":0,"name":"Shaded","section":"Shading Mode"},"sceneLighting":false,"audioPlay":false,"sceneViewState":{"showFog":false,"showMaterialUpdate":false,"showSkybox":false,"showFlares":false,"showImageEffects":false,"showParticleSystems":false},"in2DMode":false,"pivot":{"x":-83.177001953125,"y":-15.742182731628418,"z":-61.632408142089847},"rotation":{"x":-0.00022273614013101906,"y":0.9997735023498535,"z":-0.016497809439897538,"w":-0.013497733511030674},"size":0.27379700541496279,"orthographic":true}