{"cameraMode":{"drawMode":0,"name":"Shaded","section":"Shading Mode"},"sceneLighting":false,"audioPlay":false,"sceneViewState":{"showFog":false,"showMaterialUpdate":false,"showSkybox":false,"showFlares":false,"showImageEffects":false,"showParticleSystems":false},"in2DMode":false,"pivot":{"x":0.018219023942947389,"y":0.07864367961883545,"z":-0.21019044518470765},"rotation":{"x":0.1512637436389923,"y":-0.36223870515823367,"z":0.05944203585386276,"w":0.9180495738983154},"size":0.37889939546585085,"orthographic":false}