{"cameraMode":{"drawMode":0,"name":"Shaded","section":"Shading Mode"},"sceneLighting":false,"audioPlay":false,"sceneViewState":{"showFog":false,"showMaterialUpdate":false,"showSkybox":false,"showFlares":false,"showImageEffects":false,"showParticleSystems":false},"in2DMode":false,"pivot":{"x":-2.9802322387695315e-8,"y":0.08122208714485169,"z":-1.043081283569336e-7},"rotation":{"x":0.06056106090545654,"y":-0.6939948797225952,"z":0.0585348904132843,"w":0.7152854800224304},"size":1.3055657148361207,"orthographic":false}