{"cameraMode":{"drawMode":0,"name":"Shaded","section":"Shading Mode"},"sceneLighting":false,"audioPlay":false,"sceneViewState":{"showFog":false,"showMaterialUpdate":false,"showSkybox":false,"showFlares":false,"showImageEffects":false,"showParticleSystems":false},"in2DMode":false,"pivot":{"x":0.6018534302711487,"y":0.9248020648956299,"z":-0.4706477224826813},"rotation":{"x":0.14510692656040193,"y":0.05230556055903435,"z":-0.007802688051015139,"w":0.988154411315918},"size":2.8150839805603029,"orthographic":false}