{"cameraMode":{"drawMode":0,"name":"Shaded","section":"Shading Mode"},"sceneLighting":true,"audioPlay":false,"sceneViewState":{"showFog":true,"showMaterialUpdate":false,"showSkybox":true,"showFlares":true,"showImageEffects":true,"showParticleSystems":true},"in2DMode":false,"pivot":{"x":-31.309864044189454,"y":-26.746118545532228,"z":-41.10012435913086},"rotation":{"x":-0.10362299531698227,"y":0.895625650882721,"z":-0.2649327218532562,"w":-0.3434113562107086},"size":58.775245666503909,"orthographic":false}