{"cameraMode":{"drawMode":0,"name":"Shaded","section":"Shading Mode"},"sceneLighting":true,"audioPlay":false,"sceneViewState":{"showFog":true,"showMaterialUpdate":false,"showSkybox":true,"showFlares":true,"showImageEffects":true,"showParticleSystems":true},"in2DMode":false,"pivot":{"x":-1.470849871635437,"y":-6.7257914543151859,"z":-19.185144424438478},"rotation":{"x":-0.015075073577463627,"y":0.8793928027153015,"z":-0.4750736355781555,"w":-0.027940133586525918},"size":11.460573196411133,"orthographic":false}