{"cameraMode":{"drawMode":0,"name":"Shaded","section":"Shading Mode"},"sceneLighting":true,"audioPlay":false,"sceneViewState":{"showFog":true,"showMaterialUpdate":false,"showSkybox":true,"showFlares":true,"showImageEffects":true,"showParticleSystems":true},"in2DMode":false,"pivot":{"x":-53.799747467041019,"y":-12.091666221618653,"z":-13.700190544128418},"rotation":{"x":-0.09829460084438324,"y":0.7550697922706604,"z":-0.11307887732982636,"w":-0.6390812993049622},"size":58.775245666503909,"orthographic":false}