{"cameraMode":{"drawMode":0,"name":"Shaded","section":"Shading Mode"},"sceneLighting":true,"audioPlay":false,"sceneViewState":{"showFog":true,"showMaterialUpdate":false,"showSkybox":true,"showFlares":true,"showImageEffects":true,"showParticleSystems":true},"in2DMode":false,"pivot":{"x":-35.77254104614258,"y":1.1873996257781983,"z":-23.927326202392579},"rotation":{"x":0.002056929050013423,"y":-0.997263491153717,"z":0.06772816926240921,"w":0.030470818281173707},"size":1.287582516670227,"orthographic":false}